<?xml version="1.0" encoding="UTF-8"?>
<project-private xmlns="http://www.netbeans.org/ns/project-private/1">
    <editor-bookmarks xmlns="http://www.netbeans.org/ns/editor-bookmarks/2" lastBookmarkId="0"/>
    <open-files xmlns="http://www.netbeans.org/ns/projectui-open-files/2">
        <group>
            <file>file:/C:/Users/ajosu/Documents/GitHub/Practica%206/src/Carro.java</file>
            <file>file:/C:/Users/ajosu/Documents/GitHub/Practica%206/src/IParar.java</file>
            <file>file:/C:/Users/ajosu/Documents/GitHub/Practica%206/src/RunPractica6.java</file>
            <file>file:/C:/Users/ajosu/Documents/GitHub/Practica%206/src/IAvanzar.java</file>
            <file>file:/C:/Users/ajosu/Documents/GitHub/Practica%206/src/Transporte.java</file>
        </group>
    </open-files>
</project-private>
