<?xml version="1.0" encoding="UTF-8"?>
<project-private xmlns="http://www.netbeans.org/ns/project-private/1">
    <editor-bookmarks xmlns="http://www.netbeans.org/ns/editor-bookmarks/2" lastBookmarkId="0"/>
    <open-files xmlns="http://www.netbeans.org/ns/projectui-open-files/2">
        <group>
            <file>file:/C:/Users/Gloria/Documents/Alán%203er%20semestre/Lab.%20POO/LAB%20POO/PIA2/web/Datos/Index.jsp</file>
            <file>file:/C:/Users/Gloria/Documents/Alán%203er%20semestre/Lab.%20POO/LAB%20POO/PIA2/web/index.html</file>
            <file>file:/C:/Users/Gloria/Documents/Alán%203er%20semestre/Lab.%20POO/LAB%20POO/PIA2/src/java/Agenda/Datos.java</file>
            <file>file:/C:/Users/Gloria/Documents/Alán%203er%20semestre/Lab.%20POO/LAB%20POO/PIA2/src/java/Config/Conexion.java</file>
            <file>file:/C:/Users/Gloria/Documents/Alán%203er%20semestre/Lab.%20POO/LAB%20POO/PIA2/src/java/Agenda/DatosDAO.java</file>
            <file>file:/C:/Users/Gloria/Documents/Alán%203er%20semestre/Lab.%20POO/LAB%20POO/PIA2/web/Datos/Modificar.jsp</file>
            <file>file:/C:/Users/Gloria/Documents/Alán%203er%20semestre/Lab.%20POO/LAB%20POO/PIA2/src/java/Controlador/DatosControlador.java</file>
            <file>file:/C:/Users/Gloria/Documents/Alán%203er%20semestre/Lab.%20POO/LAB%20POO/PIA2/web/Datos/Nuevo.jsp</file>
            <file>file:/C:/Users/Gloria/Documents/Alán%203er%20semestre/Lab.%20POO/LAB%20POO/PIA2/web/Datos/Busqueda.jsp</file>
        </group>
    </open-files>
</project-private>
